id,website,name,brand,size,price,type,wet_grip,fuel_efficiency,load_index,speed_rating,electric,self_seal,run_flat,noise_reduction,seasonality
1,www.national.co.uk,ZV7,Avon,205/55 R16 91V,72.99,Car,A,D,91,V,0,0,0,0,Summer
2,www.national.co.uk,EfficientGrip Performance 2,Goodyear,205/55 R16 91V,92.99,Car,A,B,91,V,0,0,0,0,Summer
3,www.national.co.uk,Turanza 6,Bridgestone,205/55 R16 91V,98.99,Car,A,B,91,V,0,0,0,0,Summer
4,www.national.co.uk,Smart Chaser SC1,Autogreen,205/55 R16 91V,48.99,Car,C,E,91,V,0,0,0,0,Summer
5,www.national.co.uk,Super Sport Chaser SSC5,Autogreen,205/55 R16 94W,51.99,Car,B,C,94,W,0,0,0,0,Summer
6,www.national.co.uk,All Season AS2,Autogreen,205/55 R16 94V,56.99,Car,C,C,94,V,0,0,0,0,All Season
7,www.national.co.uk,Sport Chaser SC2,Autogreen,205/55 R16 91W,63.99,Car,A,D,91,W,0,0,0,0,Summer
8,www.national.co.uk,Super Sport Chaser SSC5,Autogreen,205/55 R16 91V,68.99,Car,C,D,91,V,0,0,1,0,Summer
9,www.national.co.uk,All Season AS2,Autogreen,205/55 R16 91V,72.99,Car,C,C,91,V,0,0,0,0,All Season
10,www.national.co.uk,Atrezzo Elite,Sailun,205/55 R16 91H,62.99,Car,B,C,91,H,0,0,0,0,Summer
11,www.national.co.uk,Atrezzo Elite,Sailun,205/55 R16 91V,64.99,Car,B,C,91,V,0,0,0,0,Summer
12,www.national.co.uk,Atrezzo Elite,Sailun,205/55 R16 91V,64.99,Car,B,C,91,V,0,0,0,0,Summer
13,www.national.co.uk,Atrezzo Elite 2,Sailun,205/55 R16 91V,64.99,Car,A,C,91,V,0,0,0,0,Summer
14,www.national.co.uk,Nankang Eco-2+,Nankang,205/55 R16 91V,68.99,Car,B,D,91,V,0,0,0,0,Summer
15,www.national.co.uk,Nankang AS-2+,Nankang,205/55 R16 94V,72.99,Car,A,C,94,V,0,0,0,0,Summer
16,www.national.co.uk,ZV7,Avon,205/55 R16 91V,72.99,Car,A,D,91,V,0,0,0,0,Summer
17,www.national.co.uk,Nankang NA-1,Nankang,205/55 R16 94V,73.99,Car,B,C,94,V,0,0,0,0,Summer
18,www.national.co.uk,ZV7,Avon,205/55 R16 91W,74.99,Car,A,D,91,W,0,0,0,0,Summer
19,www.national.co.uk,Nankang AS-2+,Nankang,205/55 R16 94W,76.99,Car,A,C,94,W,0,0,0,0,Summer
20,www.national.co.uk,AS7,Avon,205/55 R16 91V,83.99,Car,B,D,91,V,0,0,0,0,All Season
21,www.national.co.uk,Atrezzo Elite,Sailun,205/55 R16 91W,85.99,Car,B,C,91,W,0,0,0,0,Summer
22,www.national.co.uk,Atrezzo Elite,Sailun,205/55 R16 91W,85.99,Car,B,B,91,W,0,0,0,0,Summer
23,www.national.co.uk,Ventus Prime 4 K135,Hankook,205/55 R16 91V,86.99,Car,A,C,91,V,0,0,0,0,Summer
24,www.national.co.uk,ATREZZO ZSR 2,Sailun,205/55 R16 91Y,87.99,Car,A,B,91,Y,0,0,0,0,Summer
25,www.national.co.uk,ZV7,Avon,205/55 R16 94W,87.99,Car,A,D,94,W,0,0,0,0,Summer
26,www.national.co.uk,ZV7,Avon,205/55 R16 94V,88.99,Car,A,D,94,V,0,0,0,0,Summer
27,www.national.co.uk,Kinergy Eco 2 K435,Hankook,205/55 R16 91H,92.99,Car,B,B,91,H,0,0,0,0,Summer
28,www.national.co.uk,Ventus Prime 4 K135,Hankook,205/55 R16 91H,92.99,Car,A,C,91,H,0,0,0,0,Summer
29,www.national.co.uk,Ventus Prime 4 K135,Hankook,205/55 R16 91H,92.99,Car,A,C,91,H,0,0,0,0,Summer
30,www.national.co.uk,Kinergy 435 Eco2,Hankook,205/55 R16 91H,92.99,Car,B,C,91,H,0,0,0,0,Summer
31,www.national.co.uk,Atrezzo ZSR,Sailun,205/55 R16 91W,95.99,Car,B,D,91,W,0,0,0,0,Summer
32,www.national.co.uk,Ventus Prime 4 K135,Hankook,205/55 R16 91W,95.99,Car,A,C,91,W,0,0,0,0,Summer
33,www.national.co.uk,WX7 Winter,Avon,205/55 R16 91H,95.99,Car,B,D,91,H,0,0,0,0,Winter
34,www.national.co.uk,Atrezzo 4 Seasons,Sailun,205/55 R16 94V,96.99,Car,C,D,94,V,0,0,0,0,All Season
35,www.national.co.uk,AS7,Avon,205/55 R16 94V,96.99,Car,B,C,94,V,0,0,0,0,All Season
36,www.national.co.uk,iON i*cept RS3,Hankook,205/55 R16 91H,98.99,Car,B,C,91,H,0,0,0,0,Winter
37,www.national.co.uk,Kinergy 4S2 H750,Hankook,205/55 R16 94H,99.99,Car,B,C,94,H,0,0,0,0,All Season
38,www.national.co.uk,WX7 Winter,Avon,205/55 R16 94V,100.99,Car,B,D,94,V,0,0,0,0,Winter
39,www.national.co.uk,Kinergy 4S2 H750,Hankook,205/55 R16 94V,103.99,Car,B,C,94,V,0,0,0,0,All Season
40,www.national.co.uk,Kinergy 4S2 H750,Hankook,205/55 R16 94V,103.99,Car,B,C,94,V,0,0,0,0,All Season
41,www.national.co.uk,Kinergy 4S2 H750,Hankook,205/55 R16 94H,106.99,Car,B,C,94,H,0,0,0,0,All Season
42,www.national.co.uk,Ventus Prime 4 K135,Hankook,205/55 R16 94W,106.99,Car,A,C,94,W,0,0,0,0,Summer
43,www.national.co.uk,iON i*cept RS3,Hankook,205/55 R16 94H,106.99,Car,B,C,94,H,0,0,0,0,Winter
44,www.national.co.uk,Ventus Prime 3 K125,Hankook,205/55 R16 94H,109.99,Car,B,A,94,H,0,0,0,0,Summer
45,www.national.co.uk,Ventus Prime 3 K125,Hankook,205/55 R16 91W,115.99,Car,A,B,91,W,0,0,1,0,Summer
46,www.national.co.uk,Nankang NS-2R,Nankang,205/55 R16 94W,147.99,Car,B,D,94,W,0,0,0,0,Summer
47,www.national.co.uk,Ventus Prime 4 K135,Hankook,205/55 R16 94V,150.99,Car,A,C,94,V,0,0,0,0,Summer
48,www.national.co.uk,Kinergy 4S2 H750,Hankook,205/55 R16 94W,153.99,Car,B,D,94,W,0,0,1,0,All Season
49,www.national.co.uk,Ventus Prime 3 K125,Hankook,205/55 R16 94W,157.99,Car,A,C,94,W,0,0,0,0,Summer
50,www.national.co.uk,Hankook iON ST AS,Hankook,205/55 R16 94V,164.99,Car,D,B,94,V,0,0,0,0,Summer
51,www.national.co.uk,SP Sport BluResponse,Dunlop,205/55 R16 91V,81.99,Car,A,B,91,V,0,0,0,0,Summer
52,www.national.co.uk,SP Sport BluResponse,Dunlop,205/55 R16 91W,84.99,Car,A,B,91,W,0,0,0,0,Summer
53,www.national.co.uk,SP Sport BluResponse,Dunlop,205/55 R16 91V,89.99,Car,C,B,91,V,0,0,0,0,Summer
54,www.national.co.uk,SP Sport BluResponse,Dunlop,205/55 R16 94V,92.99,Car,B,A,94,V,0,0,0,0,Summer
55,www.national.co.uk,Cinturato All Season SF 2,Pirelli,205/55 R16 94V,94.99,Car,A,C,94,V,0,0,0,0,All Season
56,www.national.co.uk,EfficientGrip Performance,Goodyear,205/55 R16 91V,94.99,Car,C,A,91,V,0,0,0,0,Summer
57,www.national.co.uk,EfficientGrip Performance,Goodyear,205/55 R16 91V,94.99,Car,C,A,91,V,0,0,0,0,Summer
58,www.national.co.uk,Cinturato P7,Pirelli,205/55 R16 91V,95.99,Car,B,C,91,V,0,0,0,0,Summer
59,www.national.co.uk,EfficientGrip Performance,Goodyear,205/55 R16 91V,95.99,Car,B,A,91,V,0,0,0,0,Summer
60,www.national.co.uk,Vector 4Seasons Gen 3,Goodyear,205/55 R16 91V,95.99,Car,B,C,91,V,0,0,0,0,All Season
61,www.national.co.uk,SP Sport BluResponse,Dunlop,205/55 R16 91V,95.99,Car,B,B,91,V,0,0,0,0,Summer
62,www.national.co.uk,EfficientGrip Performance 2,Goodyear,205/55 R16 91Y,96.99,Car,A,C,91,Y,0,0,0,0,Summer
63,www.national.co.uk,EfficientGrip Performance 2,Goodyear,205/55 R16 91H,97.99,Car,A,B,91,H,0,0,0,0,Summer
64,www.national.co.uk,EfficientGrip Performance 2,Goodyear,205/55 R16 91W,97.99,Car,A,B,91,W,0,0,0,0,Summer
65,www.national.co.uk,SP Sport BluResponse,Dunlop,205/55 R16 91H,97.99,Car,A,B,91,H,0,0,0,0,Summer
66,www.national.co.uk,EfficientGrip Performance,Goodyear,205/55 R16 91H,97.99,Car,C,A,91,H,0,0,0,0,Summer
67,www.national.co.uk,EfficientGrip Performance,Goodyear,205/55 R16 91H,98.99,Car,B,A,91,H,0,0,0,0,Summer
68,www.national.co.uk,Turanza 6,Bridgestone,205/55 R16 91H,99.99,Car,A,B,91,H,0,0,0,0,Summer
69,www.national.co.uk,Turanza Eco,Bridgestone,205/55 R16 91H,100.99,Car,B,A,91,H,0,0,0,0,Summer
70,www.national.co.uk,Turanza 6,Bridgestone,205/55 R16 91W,100.99,Car,A,B,91,W,0,0,0,0,Summer
71,www.national.co.uk,EfficientGrip Performance,Goodyear,205/55 R16 91W,101.99,Car,B,C,91,W,0,0,0,0,Summer
72,www.national.co.uk,Primacy 4+,Michelin,205/55 R16 91V,102.99,Car,A,C,91,V,0,0,0,0,Summer
73,www.national.co.uk,Vector 4Seasons Gen 3,Goodyear,205/55 R16 94V,102.99,Car,B,C,94,V,0,0,0,0,All Season
74,www.national.co.uk,ContiEcoContact 6,Continental,205/55 R16 91H,102.99,Car,A,A,91,H,0,0,0,0,Summer
75,www.national.co.uk,ContiEcoContact 5,Continental,205/55 R16 91H,102.99,Car,B,B,91,H,0,0,0,0,Summer
76,www.national.co.uk,ContiEcoContact 5,Continental,205/55 R16 91W,102.99,Car,B,C,91,W,0,0,0,0,Summer
77,www.national.co.uk,ContiEcoContact 6,Continental,205/55 R16 91V,102.99,Car,A,A,91,V,1,0,0,0,Summer
78,www.national.co.uk,Primacy 4,Michelin,205/55 R16 91H,103.99,Car,A,A,91,H,0,0,0,0,Summer
79,www.national.co.uk,ContiEcoContact 5,Continental,205/55 R16 91V,103.99,Car,B,B,91,V,0,0,0,0,Summer
80,www.national.co.uk,ContiEcoContact 5,Continental,205/55 R16 91H,103.99,Car,B,B,91,H,0,0,0,0,Summer
81,www.national.co.uk,ContiSportContact 2,Continental,205/55 R16 91V,103.99,Car,C,D,91,V,0,0,0,0,Summer
82,www.national.co.uk,Turanza T005,Bridgestone,205/55 R16 91W,103.99,Car,B,C,91,W,0,0,0,0,Summer
83,www.national.co.uk,Vector 4Seasons Gen-2,Goodyear,205/55 R16 94V,103.99,Car,B,B,94,V,0,0,0,0,All Season
84,www.national.co.uk,Vector 4Seasons Gen 3,Goodyear,205/55 R16 94V,103.99,Car,B,A,94,V,0,0,0,0,All Season
85,www.national.co.uk,ePrimacy,Michelin,205/55 R16 91V,103.99,Car,B,A,91,V,1,0,0,0,Summer
86,www.national.co.uk,All Season 2,Dunlop,205/55 R16 91V,104.99,Car,C,C,91,V,0,0,0,0,All Season
87,www.national.co.uk,UltraContact,Continental,205/55 R16 91W,104.99,Car,A,B,91,W,0,0,0,0,Summer
88,www.national.co.uk,EfficientGrip Performance,Goodyear,205/55 R16 91V,105.99,Car,A,B,91,V,0,0,0,0,Summer
89,www.national.co.uk,EfficientGrip Performance 2,Goodyear,205/55 R16 94V,105.99,Car,A,A,94,V,0,0,0,0,Summer
90,www.national.co.uk,Vector 4Seasons,Goodyear,205/55 R16 94V,105.99,Car,C,C,94,V,0,0,0,0,All Season
91,www.national.co.uk,Turanza ER300,Bridgestone,205/55 R16 91V,105.99,Car,B,D,91,V,0,0,0,0,Summer
92,www.national.co.uk,PremiumContact 7,Continental,205/55 R16 91H,105.99,Car,A,C,91,H,0,0,0,0,Summer
93,www.national.co.uk,ContiEcoContact 6,Continental,205/55 R16 91V,105.99,Car,B,A,91,V,0,0,0,0,Summer
94,www.national.co.uk,PremiumContact 7,Continental,205/55 R16 91V,106.99,Car,A,C,91,V,0,0,0,0,Summer
95,www.national.co.uk,All Season Contact 2,Continental,205/55 R16 91H,106.99,Car,B,C,91,H,0,0,0,0,All Season
96,www.national.co.uk,ContiPremiumContact 2,Continental,205/55 R16 91V,106.99,Car,B,D,91,V,0,0,0,0,Summer
97,www.national.co.uk,ContiEcoContact 6,Continental,205/55 R16 91W,106.99,Car,B,A,91,W,0,0,0,0,Summer
98,www.national.co.uk,Turanza ER300A,Bridgestone,205/55 R16 91W,106.99,Car,B,C,91,W,0,0,0,0,Summer
99,www.national.co.uk,Vector 4Seasons Gen-2,Goodyear,205/55 R16 94H,106.99,Car,C,B,94,H,0,0,0,0,All Season
100,www.national.co.uk,EfficientGrip Performance 2,Goodyear,205/55 R16 94W,106.99,Car,A,B,94,W,0,0,0,0,Summer
101,www.national.co.uk,UltraContact,Continental,205/55 R16 91H,106.99,Car,A,B,91,H,0,0,0,0,Summer
102,www.national.co.uk,CrossClimate +,Michelin,205/55 R16 94V,107.99,Car,B,B,94,V,0,0,0,0,All Season
103,www.national.co.uk,All Season 2,Dunlop,205/55 R16 94V,107.99,Car,C,B,94,V,0,0,0,0,All Season
104,www.national.co.uk,Sport Maxx TT,Dunlop,205/55 R16 91W,107.99,Car,C,C,91,W,0,0,0,0,Summer
105,www.national.co.uk,Turanza T005,Bridgestone,205/55 R16 91V,107.99,Car,A,B,91,V,0,0,0,0,Summer
106,www.national.co.uk,Ecopia EP150,Bridgestone,205/55 R16 91V,107.99,Car,B,B,91,V,0,0,0,0,Summer
107,www.national.co.uk,CrossClimate 2,Michelin,205/55 R16 94V,108.99,Car,B,B,94,V,0,0,0,0,All Season
108,www.national.co.uk,Turanza T005EV,Bridgestone,205/55 R16 91V,108.99,Car,B,A,91,V,1,0,0,0,Summer
109,www.national.co.uk,Sport Maxx TT,Dunlop,205/55 R16 91W,108.99,Car,C,C,91,W,0,0,0,0,Summer
110,www.national.co.uk,ePrimacy,Michelin,205/55 R16 91H,108.99,Car,B,A,91,H,1,0,0,0,Summer
111,www.national.co.uk,Cinturato P7,Pirelli,205/55 R16 91W,109.99,Car,B,C,91,W,0,0,0,0,Summer
112,www.national.co.uk,UltraContact,Continental,205/55 R16 91V,110.99,Car,A,B,91,V,0,0,0,0,Summer
113,www.national.co.uk,Sport Maxx RT,Dunlop,205/55 R16 91W,110.99,Car,B,D,91,W,0,0,0,0,Summer
114,www.national.co.uk,All Season Contact 2,Continental,205/55 R16 94H,110.99,Car,B,B,94,H,0,0,0,0,All Season
115,www.national.co.uk,EfficientGrip,Goodyear,205/55 R16 91W,110.99,Car,B,C,91,W,0,0,1,0,Summer
116,www.national.co.uk,ContiEcoContact 6,Continental,205/55 R16 91W,110.99,Car,B,A,91,W,0,0,0,0,Summer
117,www.national.co.uk,ContiEcoContact 6,Continental,205/55 R16 94V,110.99,Car,B,A,94,V,0,0,0,0,Summer
118,www.national.co.uk,ContiPremiumContact 5,Continental,205/55 R16 91W,111.99,Car,B,C,91,W,0,0,0,0,Summer
119,www.national.co.uk,Winter Sport 5,Dunlop,205/55 R16 91H,111.99,Car,B,C,91,H,0,0,0,0,Winter
120,www.national.co.uk,CrossClimate 3,Michelin,205/55 R16 91H,112.99,Car,B,C,91,H,0,0,0,0,All Season
121,www.national.co.uk,ContiEcoContact 5,Continental,205/55 R16 91H,112.99,Car,B,B,91,H,0,0,0,0,Summer
122,www.national.co.uk,Weather Control A005 EVO,Bridgestone,205/55 R16 91H,112.99,Car,A,C,91,H,0,0,0,0,All Season
123,www.national.co.uk,CrossClimate +,Michelin,205/55 R16 94V,112.99,Car,B,B,94,V,0,0,0,0,All Season
124,www.national.co.uk,Turanza T005,Bridgestone,205/55 R16 91W,113.99,Car,B,A,91,W,0,0,0,0,Summer
125,www.national.co.uk,All Season Contact 2,Continental,205/55 R16 94V,113.99,Car,B,B,94,V,0,0,0,0,All Season
126,www.national.co.uk,UltraContact,Continental,205/55 R16 94V,113.99,Car,A,B,94,V,0,0,0,0,Summer
127,www.national.co.uk,Vector 4Seasons Gen 3,Goodyear,205/55 R16 94V,113.99,Car,B,A,94,V,0,0,0,0,All Season
128,www.national.co.uk,CrossClimate 3,Michelin,205/55 R16 91V,114.99,Car,B,C,91,V,0,0,0,0,All Season
129,www.national.co.uk,Energy Saver +,Michelin,205/55 R16 91V,114.99,Car,A,B,91,V,0,0,0,0,Summer
130,www.national.co.uk,UltraGrip Performance 3,Goodyear,205/55 R16 91H,114.99,Car,B,C,91,H,0,0,0,0,Winter
131,www.national.co.uk,UltraGrip Performance 3,Goodyear,205/55 R16 91T,114.99,Car,B,C,91,T,0,0,0,0,Winter
132,www.national.co.uk,ContiEcoContact 6,Continental,205/55 R16 94H,114.99,Car,A,A,94,H,0,0,0,0,Summer
133,www.national.co.uk,Turanza T005,Bridgestone,205/55 R16 91W,114.99,Car,B,B,91,W,0,0,0,0,Summer
134,www.national.co.uk,ePrimacy,Michelin,205/55 R16 91W,115.99,Car,B,A,91,W,1,0,0,0,Summer
135,www.national.co.uk,Cinturato P7 P7C2,Pirelli,205/55 R16 91V,115.99,Car,A,C,91,V,0,0,0,0,Summer
136,www.national.co.uk,Turanza 6,Bridgestone,205/55 R16 94V,115.99,Car,A,B,94,V,0,0,0,0,Summer
137,www.national.co.uk,Turanza T005,Bridgestone,205/55 R16 91V,116.99,Car,A,A,91,V,0,0,0,0,Summer
138,www.national.co.uk,Cinturato All Season SF3,Pirelli,205/55 R16 94V,117.99,Car,A,C,94,V,0,0,0,0,All Season
139,www.national.co.uk,Primacy 3,Michelin,205/55 R16 91V,117.99,Car,A,D,91,V,0,0,1,0,Summer
140,www.national.co.uk,Michelin Primacy 5,Michelin,205/55 R16 91H,117.99,Car,A,B,91,H,0,0,0,0,Summer
141,www.national.co.uk,Sport Maxx RT,Dunlop,205/55 R16 91Y,117.99,Car,B,C,91,Y,0,0,0,0,Summer
142,www.national.co.uk,Cinturato P7,Pirelli,205/55 R16 91W,118.99,Car,B,D,91,W,0,0,1,0,Summer
143,www.national.co.uk,Turanza T005,Bridgestone,205/55 R16 91V,118.99,Car,B,A,91,V,0,0,0,0,Summer
144,www.national.co.uk,AllSeasonContact,Continental,205/55 R16 91V,118.99,Car,B,C,91,V,0,0,0,0,All Season
145,www.national.co.uk,Energy Saver,Michelin,205/55 R16 91H,119.99,Car,B,B,91,H,0,0,0,0,Summer
146,www.national.co.uk,ContiEcoContact 5 SEAL,Continental,205/55 R16 94H,119.99,Car,B,B,94,H,0,1,0,0,Summer
147,www.national.co.uk,Weather Control A005 EVO,Bridgestone,205/55 R16 94V,119.99,Car,A,C,94,V,0,0,0,0,All Season
148,www.national.co.uk,All Season Contact 2,Continental,205/55 R16 94V,119.99,Car,B,C,94,V,0,0,1,0,All Season
149,www.national.co.uk,ePrimacy,Michelin,205/55 R16 94H,119.99,Car,B,A,94,H,1,0,0,0,Summer
150,www.national.co.uk,Michelin ePrimacy S1,Michelin,205/55 R16 94V,119.99,Car,A,A,94,V,1,0,0,0,Summer
151,www.national.co.uk,CrossClimate 2,Michelin,205/55 R16 91H,119.99,Car,B,C,91,H,0,0,0,0,All Season
152,www.national.co.uk,Primacy 4+,Michelin,205/55 R16 91W,120.99,Car,A,C,91,W,0,0,0,0,Summer
153,www.national.co.uk,All Season Contact 2,Continental,205/55 R16 91V,120.99,Car,B,C,91,V,0,0,0,0,All Season
154,www.national.co.uk,Turanza T005,Bridgestone,205/55 R16 94V,121.99,Car,A,B,94,V,0,0,0,0,Summer
155,www.national.co.uk,ContiEcoContact 6,Continental,205/55 R16 94V,122.99,Car,A,A,94,V,0,0,0,0,Summer
156,www.national.co.uk,Winter Sport 5,Dunlop,205/55 R16 91T,122.99,Car,B,C,91,T,0,0,0,0,Winter
157,www.national.co.uk,Vector 4Seasons Gen-2,Goodyear,205/55 R16 91V,122.99,Car,B,D,91,V,0,0,1,0,All Season
158,www.national.co.uk,CrossClimate 2,Michelin,205/55 R16 91V,122.99,Car,B,C,91,V,0,0,0,0,All Season
159,www.national.co.uk,Michelin Primacy 5,Michelin,205/55 R16 91W,123.99,Car,A,B,91,W,0,0,0,0,Summer
160,www.national.co.uk,ContiEcoContact 5,Continental,205/55 R16 91V,123.99,Car,B,A,91,V,0,0,0,0,Summer
161,www.national.co.uk,Blizzak LM001,Bridgestone,205/55 R16 91H,123.99,Car,B,D,91,H,0,0,0,0,Winter
162,www.national.co.uk,Turanza T005 DriveGuard,Bridgestone,205/55 R16 94W,123.99,Car,A,C,94,W,0,0,1,0,Summer
163,www.national.co.uk,Turanza T005,Bridgestone,205/55 R16 91H,123.99,Car,A,B,91,H,0,0,0,0,Summer
164,www.national.co.uk,Primacy 4 S1,Michelin,205/55 R16 91H,124.99,Car,B,A,91,H,0,0,0,0,Summer
165,www.national.co.uk,Primacy 3,Michelin,205/55 R16 91W,124.99,Car,B,C,91,W,0,0,0,0,All Season
166,www.national.co.uk,eContact,Continental,205/55 R16 91R,124.99,Car,B,A,91,R,0,0,0,0,Summer
167,www.national.co.uk,UltraGrip Performance 3,Goodyear,205/55 R16 94H,124.99,Car,B,C,94,H,0,0,0,0,Winter
168,www.national.co.uk,SP Winter Sport 4D,Dunlop,205/55 R16 91H,124.99,Car,C,C,91,H,0,0,0,0,Winter
169,www.national.co.uk,ContiEcoContact 6,Continental,205/55 R16 91W,124.99,Car,B,B,91,W,0,0,1,0,Summer
170,www.national.co.uk,CrossClimate 2,Michelin,205/55 R16 91W,124.99,Car,B,C,91,W,0,0,0,0,All Season
171,www.national.co.uk,Cinturato All Season Plus,Pirelli,205/55 R16 91V,125.99,Car,B,C,91,V,0,0,0,0,All Season
172,www.national.co.uk,Turanza 6 All Season,Bridgestone,205/55 R16 94V,125.99,Car,B,C,94,V,0,0,0,0,All Season
173,www.national.co.uk,Turanza T001,Bridgestone,205/55 R16 91V,125.99,Car,B,D,91,V,0,0,0,0,Summer
174,www.national.co.uk,Weather Control A005 Driveguard EVO,Bridgestone,205/55 R16 94V,126.99,Car,A,D,94,V,0,0,1,0,All Season
175,www.national.co.uk,AllSeasonContact,Continental,205/55 R16 94H,127.99,Car,B,B,94,H,0,0,0,0,All Season
176,www.national.co.uk,Primacy 4,Michelin,205/55 R16 91W,127.99,Car,B,A,91,W,0,0,0,0,Summer
177,www.national.co.uk,WinterContact TS870,Continental,205/55 R16 91H,128.99,Car,B,C,91,H,0,0,0,0,Winter
178,www.national.co.uk,Sport Maxx RT,Dunlop,205/55 R16 91W,128.99,Car,B,C,91,W,0,0,0,0,Summer
179,www.national.co.uk,Michelin Primacy 5,Michelin,205/55 R16 94V,129.99,Car,A,B,94,V,0,0,0,0,Summer
180,www.national.co.uk,WinterContact TS870,Continental,205/55 R16 91T,129.99,Car,B,C,91,T,0,0,0,0,Winter
181,www.national.co.uk,UltraGrip Performance,Goodyear,205/55 R16 91H,131.99,Car,B,C,91,H,0,0,0,0,Winter
182,www.national.co.uk,Turanza T005,Bridgestone,205/55 R16 91W,131.99,Car,B,B,91,W,0,0,1,0,Summer
183,www.national.co.uk,Pilot Exalto PE2,Michelin,205/55 R16 91Y,132.99,Car,B,D,91,Y,0,0,0,0,Summer
184,www.national.co.uk,Primacy 3,Michelin,205/55 R16 91W,132.99,Car,A,D,91,W,0,0,1,0,Summer
185,www.national.co.uk,Turanza ER300A,Bridgestone,205/55 R16 91W,132.99,Car,B,D,91,W,0,0,1,0,Summer
186,www.national.co.uk,Turanza ER300,Bridgestone,205/55 R16 91W,132.99,Car,B,D,91,W,0,0,1,0,Summer
187,www.national.co.uk,ContiPremiumContact,Continental,205/55 R16 91V,132.99,Car,B,D,91,V,0,0,1,0,Summer
188,www.national.co.uk,ContiWinterContact TS 830 P,Continental,205/55 R16 91H,132.99,Car,C,D,91,H,0,0,0,0,Winter
189,www.national.co.uk,Pilot Sport 4,Michelin,205/55 R16 94Y,133.99,Car,A,C,94,Y,0,0,0,0,Summer
190,www.national.co.uk,Cinturato All Season SF 2,Pirelli,205/55 R16 94V,134.99,Car,B,B,94,V,0,0,0,0,All Season
191,www.national.co.uk,ContiWinterContact TS 830 P,Continental,205/55 R16 91H,134.99,Car,C,D,91,H,0,0,0,0,Winter
192,www.national.co.uk,Primacy 3,Michelin,205/55 R16 91H,135.99,Car,A,D,91,H,0,0,1,0,Summer
193,www.national.co.uk,Primacy 4+,Michelin,205/55 R16 94H,135.99,Car,A,C,94,H,0,0,0,0,Summer
194,www.national.co.uk,WinterContact TS 860 S,Continental,205/55 R16 91H,135.99,Car,C,C,91,H,0,0,1,0,Winter
195,www.national.co.uk,Turanza ER300,Bridgestone,205/55 R16 91H,136.99,Car,B,D,91,H,0,0,0,0,Summer
196,www.national.co.uk,Energy Saver +,Michelin,205/55 R16 94H,137.99,Car,A,B,94,H,0,0,0,0,Summer
197,www.national.co.uk,Ultra Contact NXT,Continental,205/55 R16 94W,137.99,Car,A,A,94,W,0,0,0,0,Summer
198,www.national.co.uk,Michelin Alpin 7,Michelin,205/55 R16 91T,138.99,Car,B,C,91,T,0,0,0,0,Winter
199,www.national.co.uk,ContiEcoContact 6,Continental,205/55 R16 91W,138.99,Car,B,B,91,W,0,0,1,0,Summer
200,www.national.co.uk,Turanza T005,Bridgestone,205/55 R16 94V,139.99,Car,A,A,94,V,0,0,0,0,Summer
201,www.national.co.uk,Michelin Alpin 7,Michelin,205/55 R16 91H,140.99,Car,B,C,91,H,0,0,0,0,Winter
202,www.national.co.uk,Primacy 4+,Michelin,205/55 R16 91H,141.99,Car,A,C,91,H,0,0,0,0,Summer
203,www.national.co.uk,Primacy 4,Michelin,205/55 R16 94H,142.99,Car,B,A,94,H,0,0,0,0,Summer
204,www.national.co.uk,Alpin 5,Michelin,205/55 R16 91H,142.99,Car,B,D,91,H,0,0,0,0,Winter
205,www.national.co.uk,Pilot Sport 4,Michelin,205/55 R16 91W,142.99,Car,A,D,91,W,0,0,0,0,Summer
206,www.national.co.uk,UltraGrip Performance 2,Goodyear,205/55 R16 91H,142.99,Car,C,D,91,H,0,0,0,0,Winter
207,www.national.co.uk,WinterContact TS870,Continental,205/55 R16 94H,144.99,Car,B,C,94,H,0,0,0,0,Winter
208,www.national.co.uk,Ecopia EP150,Bridgestone,205/55 R16 91V,146.99,Car,C,B,91,V,0,0,0,0,Summer
209,www.national.co.uk,Primacy 4,Michelin,205/55 R16 94V,146.99,Car,B,A,94,V,0,0,0,0,Summer
210,www.national.co.uk,Turanza T005,Bridgestone,205/55 R16 94W,147.99,Car,A,B,94,W,0,0,0,0,Summer
211,www.national.co.uk,Cinturato C3,Pirelli,205/55 R16 94V,149.99,Car,A,C,94,V,0,0,0,0,Summer
212,www.national.co.uk,SP Winter Sport 3D,Dunlop,205/55 R16 91H,151.99,Car,C,D,91,H,0,0,1,0,Winter
213,www.national.co.uk,Michelin Alpin 7,Michelin,205/55 R16 94H,153.99,Car,B,C,94,H,0,0,0,0,Winter
214,www.national.co.uk,Winter Sport 5,Dunlop,205/55 R16 94H,154.99,Car,B,C,94,H,0,0,0,0,Winter
215,www.national.co.uk,Blizzak 6,Bridgestone,205/55 R16 91H,155.99,Car,B,C,91,H,0,0,0,0,Winter
216,www.national.co.uk,Blizzak LM001,Bridgestone,205/55 R16 91H,156.99,Car,C,D,91,H,0,0,1,0,Winter
217,www.national.co.uk,Winter Sport 5,Dunlop,205/55 R16 94V,160.99,Car,B,C,94,V,0,0,0,0,Winter
218,www.national.co.uk,Winter Sottozero 3,Pirelli,205/55 R16 91H,164.99,Car,B,D,91,H,0,0,1,0,Winter
219,www.national.co.uk,UltraGrip Performance 3,Goodyear,205/55 R16 94V,164.99,Car,B,C,94,V,0,0,0,0,Winter
220,www.national.co.uk,UltraGrip 7 +,Goodyear,205/55 R16 91H,166.99,Car,C,D,91,H,0,0,0,0,Winter
221,www.national.co.uk,WinterContact TS870,Continental,205/55 R16 94V,166.99,Car,B,C,94,V,0,0,0,0,Winter
222,www.national.co.uk,Primacy 4+,Michelin,205/55 R16 94V,169.99,Car,A,C,94,V,0,0,0,0,Summer
223,www.national.co.uk,Blizzak 6,Bridgestone,205/55 R16 94H,170.99,Car,B,C,94,H,0,0,0,0,Winter
224,www.national.co.uk,Sport,Dunlop,205/55 R16 91V,171.99,Car,B,C,91,V,0,0,0,0,All Season
225,www.national.co.uk,P Zero Rosso,Pirelli,205/55 R16 91Y,172.99,Car,A,D,91,Y,0,0,0,0,Summer
226,www.national.co.uk,Powergy Winter,Pirelli,205/55 R16 91H,176.99,Car,C,C,91,H,0,0,0,0,Summer
227,www.national.co.uk,Cinturato Winter 2,Pirelli,205/55 R16 91H,183.99,Car,B,C,91,H,0,0,0,0,Winter
228,www.national.co.uk,Cinturato Winter 2,Pirelli,205/55 R16 94H,183.99,Car,B,C,94,H,0,0,0,0,Winter
229,www.national.co.uk,Alpin 5,Michelin,205/55 R16 91H,189.99,Car,B,E,91,H,0,0,0,0,Winter
230,www.national.co.uk,Blizzak 6,Bridgestone,205/55 R16 94V,193.99,Car,B,C,94,V,0,0,0,0,Winter
231,www.national.co.uk,WinterContact TS 860,Continental,205/55 R16 94V,196.99,Car,B,C,94,V,0,1,0,0,Winter
232,www.national.co.uk,Cinturato Winter 2,Pirelli,205/55 R16 91H,203.99,Car,B,C,91,H,0,0,0,0,Winter
233,www.national.co.uk,Cinturato Winter 3,Pirelli,205/55 R16 94H,209.99,Car,,,94,H,0,0,0,0,Winter
234,www.national.co.uk,Winter Sottozero 3,Pirelli,205/55 R16 91H,235.99,Car,B,C,91,H,0,0,1,0,Winter
235,www.national.co.uk,ZV7,Avon,225/50 R16 92W,132.99,Car,A,D,92,W,0,0,0,0,Summer
236,www.national.co.uk,EfficientGrip Performance 2,Goodyear,225/50 R16 92Y,154.99,Car,A,B,92,Y,0,0,0,0,Summer
237,www.national.co.uk,Nankang NS-20,Nankang,225/50 R16 96V,108.99,Car,C,D,96,V,0,0,0,0,Summer
238,www.national.co.uk,Ventus Prime 3 K125,Hankook,225/50 R16 92W,159.99,Car,A,C,92,W,0,0,0,0,Summer
239,www.national.co.uk,PremiumContact 6,Continental,225/50 R16 92Y,156.99,Car,A,C,92,Y,0,0,0,0,Summer
240,www.national.co.uk,UltraContact,Continental,225/50 R16 92W,166.99,Car,A,B,92,W,0,0,0,0,Summer
241,www.national.co.uk,ContiPremiumContact 2,Continental,225/50 R16 92W,174.99,Car,B,D,92,W,0,0,0,0,Summer
242,www.national.co.uk,CrossClimate 2,Michelin,225/50 R16 92Y,196.99,Car,B,C,92,Y,0,0,0,0,All Season
243,www.national.co.uk,Pilot Exalto PE2,Michelin,225/50 R16 92Y,202.99,Car,B,D,92,Y,0,0,0,0,Summer
244,www.national.co.uk,Pilot Sport 4,Michelin,225/50 R16 92Y,209.99,Car,A,D,92,Y,0,0,0,0,Summer
245,www.national.co.uk,Primacy 4+,Michelin,225/50 R16 92W,209.99,Car,A,C,92,W,0,0,0,0,Summer
246,www.national.co.uk,P Zero Rosso,Pirelli,225/50 R16 92Y,212.99,Car,A,D,92,Y,0,0,0,0,Summer
247,www.national.co.uk,Potenza RE050,Bridgestone,225/50 R16 92W,221.99,Car,C,D,92,W,0,0,1,0,Summer
248,www.national.co.uk,Alpin 5,Michelin,225/50 R16 96H,249.99,Car,B,D,96,H,0,0,0,0,Winter
249,www.national.co.uk,ContiWinterContact TS 830 P,Continental,225/50 R16 92H,264.99,Car,C,D,92,H,0,0,0,0,Winter
250,www.national.co.uk,Michelin Pilot Sport,Michelin,225/50 R16 92Y,402.99,4x4,,,92,Y,0,0,0,0,Summer
